;Code;Char;Name;Category;Subcategory;Block;Family;CountBusiness;CountWikipedia;Count
0;101;e;Latin Small Letter E;Letter;Lowercase;Basic Latin;Latin;3505036257.0;4598275413;8103311670.0
1;115;s;Latin Small Letter S;Letter;Lowercase;Basic Latin;Latin;1960573460.0;2534185235;4494758695.0
2;97;a;Latin Small Letter A;Letter;Lowercase;Basic Latin;Latin;1865613398.0;2447667654;4313281052.0
3;110;n;Latin Small Letter N;Letter;Lowercase;Basic Latin;Latin;1819382026.0;2388677306;4208059332.0
4;105;i;Latin Small Letter I;Letter;Lowercase;Basic Latin;Latin;1766467131.0;2331584399;4098051530.0
5;114;r;Latin Small Letter R;Letter;Lowercase;Basic Latin;Latin;1751654423.0;2277785371;4029439794.0
6;116;t;Latin Small Letter T;Letter;Lowercase;Basic Latin;Latin;1664870278.0;2182840302;3847710580.0
7;111;o;Latin Small Letter O;Letter;Lowercase;Basic Latin;Latin;1405510819.0;1799541193;3205052012.0
8;117;u;Latin Small Letter U;Letter;Lowercase;Basic Latin;Latin;1380251545.0;1776401996;3156653541.0
9;108;l;Latin Small Letter L;Letter;Lowercase;Basic Latin;Latin;1260444561.0;1707391048;2967835609.0
10;100;d;Latin Small Letter D;Letter;Lowercase;Basic Latin;Latin;958685143.0;1300625223;2259310366.0
11;99;c;Latin Small Letter C;Letter;Lowercase;Basic Latin;Latin;823995912.0;1059079086;1883074998.0
12;112;p;Latin Small Letter P;Letter;Lowercase;Basic Latin;Latin;721841328.0;920180985;1642022313.0
13;109;m;Latin Small Letter M;Letter;Lowercase;Basic Latin;Latin;656040736.0;844904352;1500945088.0
14;233;Ã©;Latin Small Letter E With Acute;Letter;Lowercase;Latin-1 Supplement;Latin;585661398.0;784586723;1370248121.0
15;118;v;Latin Small Letter V;Letter;Lowercase;Basic Latin;Latin;348252945.0;426571538;774824483.0
16;44;,;Comma;Punctuation;Other;Basic Latin;Latin;286106887.0;406440340;692547227.0
17;39;';Apostrophe;Punctuation;Other;Basic Latin;Latin;279746032.0;359616050;639362082.0
18;46;.;Full Stop;Punctuation;Other;Basic Latin;Latin;270047976.0;329591605;599639581.0
19;102;f;Latin Small Letter F;Letter;Lowercase;Basic Latin;Latin;265939155.0;342929703;608868858.0
20;103;g;Latin Small Letter G;Letter;Lowercase;Basic Latin;Latin;241616800.0;331530764;573147564.0
21;113;q;Latin Small Letter Q;Letter;Lowercase;Basic Latin;Latin;214232465.0;273722417;487954882.0
22;98;b;Latin Small Letter B;Letter;Lowercase;Basic Latin;Latin;206877627.0;270870899;477748526.0
23;48;0;Digit Zero;Number;Decimal Digit;Basic Latin;Latin;205955236.0;204848123;410803359.0
24;104;h;Latin Small Letter H;Letter;Lowercase;Basic Latin;Latin;190719384.0;264912292;455631676.0
25;49;1;Digit One;Number;Decimal Digit;Basic Latin;Latin;182666843.0;195074618;377741461.0
26;50;2;Digit Two;Number;Decimal Digit;Basic Latin;Latin;150499363.0;149688685;300188048.0
27;224;Ã ;Latin Small Letter A With Grave;Letter;Lowercase;Latin-1 Supplement;Latin;138149292.0;166527592;304676884.0
28;106;j;Latin Small Letter J;Letter;Lowercase;Basic Latin;Latin;102077675.0;106418403;208496078.0
29;45;-;Hyphen-Minus;Punctuation;Dash;Basic Latin;Latin;100123941.0;120969288;221093229.0
30;120;x;Latin Small Letter X;Letter;Lowercase;Basic Latin;Latin;98111303.0;131298644;229409947.0
31;76;L;Latin Capital Letter L;Letter;Uppercase;Basic Latin;Latin;93223079.0;131488829;224711908.0
32;32; ;Space;Separator;Space;Basic Latin;Latin;88497295.0;102875898;191373193.0
33;67;C;Latin Capital Letter C;Letter;Uppercase;Basic Latin;Latin;80895818.0;105581960;186477778.0
34;58;:;Colon;Punctuation;Other;Basic Latin;Latin;80872165.0;71707754;152579919.0
35;65;A;Latin Capital Letter A;Letter;Uppercase;Basic Latin;Latin;79639657.0;96460359;176100016.0
36;232;Ã¨;Latin Small Letter E With Grave;Letter;Lowercase;Latin-1 Supplement;Latin;76517563.0;107998572;184516135.0
37;80;P;Latin Capital Letter P;Letter;Uppercase;Basic Latin;Latin;75598960.0;89818584;165417544.0
38;121;y;Latin Small Letter Y;Letter;Lowercase;Basic Latin;Latin;72069844.0;100245208;172315052.0
39;69;E;Latin Capital Letter E;Letter;Uppercase;Basic Latin;Latin;70654481.0;82617631;153272112.0
40;51;3;Digit Three;Number;Decimal Digit;Basic Latin;Latin;63230854.0;63660000;126890854.0
41;53;5;Digit Five;Number;Decimal Digit;Basic Latin;Latin;61972835.0;63842287;125815122.0
42;83;S;Latin Capital Letter S;Letter;Uppercase;Basic Latin;Latin;61400653.0;79951192;141351845.0
43;77;M;Latin Capital Letter M;Letter;Uppercase;Basic Latin;Latin;58859086.0;73963560;132822646.0
44;52;4;Digit Four;Number;Decimal Digit;Basic Latin;Latin;54343276.0;55813414;110156690.0
45;47;/;Solidus;Punctuation;Other;Basic Latin;Latin;50243960.0;42183165;92427125.0
46;57;9;Digit Nine;Number;Decimal Digit;Basic Latin;Latin;49682553.0;65585925;115268478.0
47;34;"""";Quotation Mark;Punctuation;Other;Basic Latin;Latin;47363272.0;58415460;105778732.0
48;56;8;Digit Eight;Number;Decimal Digit;Basic Latin;Latin;45921722.0;52202660;98124382.0
49;68;D;Latin Capital Letter D;Letter;Uppercase;Basic Latin;Latin;44743715.0;57196900;101940615.0
50;55;7;Digit Seven;Number;Decimal Digit;Basic Latin;Latin;44445597.0;48583969;93029566.0
51;73;I;Latin Capital Letter I;Letter;Uppercase;Basic Latin;Latin;44415436.0;57440644;101856080.0
52;54;6;Digit Six;Number;Decimal Digit;Basic Latin;Latin;43748217.0;47450276;91198493.0
53;82;R;Latin Capital Letter R;Letter;Uppercase;Basic Latin;Latin;42441875.0;49492559;91934434.0
54;66;B;Latin Capital Letter B;Letter;Uppercase;Basic Latin;Latin;41296687.0;54311609;95608296.0
55;70;F;Latin Capital Letter F;Letter;Uppercase;Basic Latin;Latin;41276313.0;51227205;92503518.0
56;41;);Right Parenthesis;Punctuation;Close;Basic Latin;Latin;39529388.0;55662250;95191638.0
57;40;(;Left Parenthesis;Punctuation;Open;Basic Latin;Latin;38061346.0;54844441;92905787.0
58;84;T;Latin Capital Letter T;Letter;Uppercase;Basic Latin;Latin;35453704.0;43676350;79130054.0
59;122;z;Latin Small Letter Z;Letter;Lowercase;Basic Latin;Latin;33982743.0;38424011;72406754.0
60;78;N;Latin Capital Letter N;Letter;Uppercase;Basic Latin;Latin;33974561.0;39802708;73777269.0
61;234;Ãª;Latin Small Letter E With Circumflex;Letter;Lowercase;Latin-1 Supplement;Latin;33010630.0;40771605;73782235.0
62;79;O;Latin Capital Letter O;Letter;Uppercase;Basic Latin;Latin;26863509.0;30408370;57271879.0
63;85;U;Latin Capital Letter U;Letter;Uppercase;Basic Latin;Latin;26046127.0;29941758;55987885.0
64;107;k;Latin Small Letter K;Letter;Lowercase;Basic Latin;Latin;25946419.0;35833295;61779714.0
65;71;G;Latin Capital Letter G;Letter;Uppercase;Basic Latin;Latin;23898753.0;33494887;57393640.0
66;74;J;Latin Capital Letter J;Letter;Uppercase;Basic Latin;Latin;22658427.0;28021168;50679595.0
67;86;V;Latin Capital Letter V;Letter;Uppercase;Basic Latin;Latin;20729377.0;25194932;45924309.0
68;63;?;Question Mark;Punctuation;Other;Basic Latin;Latin;19789052.0;15839166;35628218.0
69;37;%;Percent Sign;Punctuation;Other;Basic Latin;Latin;19591388.0;21748721;41340109.0
70;33;!;Exclamation Mark;Punctuation;Other;Basic Latin;Latin;18898910.0;13619189;32518099.0
71;231;Ã§;Latin Small Letter C With Cedilla;Letter;Lowercase;Latin-1 Supplement;Latin;18526673.0;22137836;40664509.0
72;187;Â»;Right-Pointing Double Angle Quotation Mark;Punctuation;Final quote;Latin-1 Supplement;Latin;18390314.0;33919276;52309590.0
73;171;Â«;Left-Pointing Double Angle Quotation Mark;Punctuation;Initial quote;Latin-1 Supplement;Latin;17411564.0;33209241;50620805.0
74;72;H;Latin Capital Letter H;Letter;Uppercase;Basic Latin;Latin;14832394.0;21896313;36728707.0
75;244;Ã´;Latin Small Letter O With Circumflex;Letter;Lowercase;Latin-1 Supplement;Latin;13537290.0;17805249;31342539.0
76;119;w;Latin Small Letter W;Letter;Lowercase;Basic Latin;Latin;12005197.0;16714924;28720121.0
77;10;"
";Char 10;Other;Control;Basic Latin;Latin;9588147.0;10363093;19951240.0
78;176;Â°;Degree Sign;Symbol;Other;Latin-1 Supplement;Latin;8572698.0;5474890;14047588.0
79;81;Q;Latin Capital Letter Q;Letter;Uppercase;Basic Latin;Latin;7042591.0;7802812;14845403.0
80;251;Ã»;Latin Small Letter U With Circumflex;Letter;Lowercase;Latin-1 Supplement;Latin;6813724.0;8064038;14877762.0
81;75;K;Latin Capital Letter K;Letter;Uppercase;Basic Latin;Latin;6580692.0;10144147;16724839.0
82;87;W;Latin Capital Letter W;Letter;Uppercase;Basic Latin;Latin;5972067.0;9968334;15940401.0
83;95;_;Low Line;Punctuation;Connector;Basic Latin;Latin;5845221.0;7294758;13139979.0
84;124;|;Vertical Line;Symbol;Math;Basic Latin;Latin;5506920.0;7566425;13073345.0
85;238;Ã®;Latin Small Letter I With Circumflex;Letter;Lowercase;Latin-1 Supplement;Latin;5355357.0;8831630;14186987.0
86;8364;â‚¬;Euro Sign;Symbol;Currency;Currency Symbols;Symbols;5309670.0;3588551;8898221.0
87;226;Ã¢;Latin Small Letter A With Circumflex;Letter;Lowercase;Latin-1 Supplement;Latin;5290163.0;8852227;14142390.0
88;249;Ã¹;Latin Small Letter U With Grave;Letter;Lowercase;Latin-1 Supplement;Latin;4141075.0;6184225;10325300.0
89;89;Y;Latin Capital Letter Y;Letter;Uppercase;Basic Latin;Latin;4057689.0;5104992;9162681.0
90;8230;â€¦;Horizontal Ellipsis;Punctuation;Other;General Punctuation;Latin;4044671.0;5254318;9298989.0
91;59;";";Semicolon;Punctuation;Other;Basic Latin;Latin;3960162.0;6209537;10169699.0
92;61;=;Equals Sign;Symbol;Math;Basic Latin;Latin;3851879.0;4264195;8116074.0
93;62;>;Greater-Than Sign;Symbol;Math;Basic Latin;Latin;3825975.0;4611791;8437766.0
94;88;X;Latin Capital Letter X;Letter;Uppercase;Basic Latin;Latin;3812670.0;4829070;8641740.0
95;43;+;Plus Sign;Symbol;Math;Basic Latin;Latin;3728710.0;3279061;7007771.0
96;38;&;Ampersand;Punctuation;Other;Basic Latin;Latin;3426204.0;2918437;6344641.0
97;201;Ã‰;Latin Capital Letter E With Acute;Letter;Uppercase;Latin-1 Supplement;Latin;3130845.0;6669830;9800675.0
98;91;[;Left Square Bracket;Punctuation;Open;Basic Latin;Latin;2844327.0;9523473;12367800.0
99;93;];Right Square Bracket;Punctuation;Close;Basic Latin;Latin;2543599.0;9362069;11905668.0
100;90;Z;Latin Capital Letter Z;Letter;Uppercase;Basic Latin;Latin;2529063.0;3136827;5665890.0
101;125;};Right Curly Bracket;Punctuation;Close;Basic Latin;Latin;2260069.0;2541205;4801274.0
102;123;{;Left Curly Bracket;Punctuation;Open;Basic Latin;Latin;2258748.0;2543422;4802170.0
103;60;<;Less-Than Sign;Symbol;Math;Basic Latin;Latin;2010323.0;3260605;5270928.0
104;8226;â€¢;Bullet;Punctuation;Other;General Punctuation;Latin;1920336.0;2035263;3955599.0
105;42;*;Asterisk;Punctuation;Other;Basic Latin;Latin;1770814.0;1507322;3278136.0
106;9;"	";Char 9;Other;Control;Basic Latin;Latin;1522053.0;2085465;3607518.0
107;239;Ã¯;Latin Small Letter I With Diaeresis;Letter;Lowercase;Latin-1 Supplement;Latin;1522008.0;2891288;4413296.0
108;192;Ã€;Latin Capital Letter A With Grave;Letter;Uppercase;Latin-1 Supplement;Latin;1178236.0;2549027;3727263.0
109;235;Ã«;Latin Small Letter E With Diaeresis;Letter;Lowercase;Latin-1 Supplement;Latin;1134917.0;1525735;2660652.0
110;64;@;Commercial At;Punctuation;Other;Basic Latin;Latin;1059575.0;859011;1918586.0
111;92;\;Reverse Solidus;Punctuation;Other;Basic Latin;Latin;528309.0;831889;1360198.0
112;35;#;Number Sign;Punctuation;Other;Basic Latin;Latin;526981.0;582533;1109514.0
113;169;Â©;Copyright Sign;Symbol;Other;Latin-1 Supplement;Latin;432972.0;305566;738538.0
114;36;$;Dollar Sign;Symbol;Currency;Basic Latin;Latin;408476.0;368632;777108.0
115;199;Ã‡;Latin Capital Letter C With Cedilla;Letter;Uppercase;Latin-1 Supplement;Latin;406823.0;355814;762637.0
116;10003;âœ“;Check Mark;Symbol;Other;Dingbats;Symbols;383559.0;213475;597034.0
117;94;^;Circumflex Accent;Symbol;Modifier;Basic Latin;Latin;344855.0;253770;598625.0
118;252;Ã¼;Latin Small Letter U With Diaeresis;Letter;Lowercase;Latin-1 Supplement;Latin;225759.0;582699;808458.0
119;200;Ãˆ;Latin Capital Letter E With Grave;Letter;Uppercase;Latin-1 Supplement;Latin;172679.0;169684;342363.0
120;246;Ã¶;Latin Small Letter O With Diaeresis;Letter;Lowercase;Latin-1 Supplement;Latin;154680.0;457416;612096.0
121;164;Â¤;Currency Sign;Symbol;Currency;Latin-1 Supplement;Latin;125542.0;240300;365842.0
122;228;Ã¤;Latin Small Letter A With Diaeresis;Letter;Lowercase;Latin-1 Supplement;Latin;115753.0;263406;379159.0
123;202;ÃŠ;Latin Capital Letter E With Circumflex;Letter;Uppercase;Latin-1 Supplement;Latin;114507.0;113317;227824.0
124;65532;ï¿¼;Object Replacement Character;Symbol;Other;Specials;Ignore;92172.0;2039603;2131775.0
125;206;ÃŽ;Latin Capital Letter I With Circumflex;Letter;Uppercase;Latin-1 Supplement;Latin;77069.0;181089;258158.0
126;195;Ãƒ;Latin Capital Letter A With Tilde;Letter;Uppercase;Latin-1 Supplement;Latin;58440.0;43155;101595.0
127;194;Ã‚;Latin Capital Letter A With Circumflex;Letter;Uppercase;Latin-1 Supplement;Latin;48109.0;182307;230416.0
128;212;Ã”;Latin Capital Letter O With Circumflex;Letter;Uppercase;Latin-1 Supplement;Latin;48017.0;48215;96232.0
129;174;Â®;Registered Sign;Symbol;Other;Latin-1 Supplement;Latin;44536.0;33409;77945.0
130;225;Ã¡;Latin Small Letter A With Acute;Letter;Lowercase;Latin-1 Supplement;Latin;43902.0;414563;458465.0
131;241;Ã±;Latin Small Letter N With Tilde;Letter;Lowercase;Latin-1 Supplement;Latin;34910.0;121216;156126.0
132;167;Â§;Section Sign;Punctuation;Other;Latin-1 Supplement;Latin;29947.0;40115;70062.0
133;243;Ã³;Latin Small Letter O With Acute;Letter;Lowercase;Latin-1 Supplement;Latin;29186.0;291813;320999.0
134;214;Ã–;Latin Capital Letter O With Diaeresis;Letter;Uppercase;Latin-1 Supplement;Latin;27400.0;49366;76766.0
135;237;Ã­;Latin Small Letter I With Acute;Letter;Lowercase;Latin-1 Supplement;Latin;26639.0;311149;337788.0
136;126;~;Tilde;Symbol;Math;Basic Latin;Latin;22011.0;60180;82191.0
137;215;Ã—;Multiplication Sign;Symbol;Math;Latin-1 Supplement;Latin;21631.0;149656;171287.0
138;128578;ðŸ™‚;Slightly Smiling Face;Symbol;Other;Emoticons;Symbols;20346.0;18170;38516.0
139;128521;ðŸ˜‰;Winking Face;Symbol;Other;Emoticons;Symbols;18080.0;13563;31643.0
140;9829;â™¥;Black Heart Suit;Symbol;Other;Miscellaneous Symbols;Symbols;17025.0;11881;28906.0
141;227;Ã£;Latin Small Letter A With Tilde;Letter;Lowercase;Latin-1 Supplement;Latin;14743.0;78217;92960.0
142;8658;â‡’;Rightwards Double Arrow;Symbol;Math;Arrows;Symbols;13166.0;11148;24314.0
143;163;Â£;Pound Sign;Symbol;Currency;Latin-1 Supplement;Latin;12580.0;19820;32400.0
144;207;Ã;Latin Capital Letter I With Diaeresis;Letter;Uppercase;Latin-1 Supplement;Latin;12459.0;12984;25443.0
145;203;Ã‹;Latin Capital Letter E With Diaeresis;Letter;Uppercase;Latin-1 Supplement;Latin;11456.0;11277;22733.0
146;8594;â†’;Rightwards Arrow;Symbol;Math;Arrows;Symbols;11282.0;106923;118205.0
147;219;Ã›;Latin Capital Letter U With Circumflex;Letter;Uppercase;Latin-1 Supplement;Latin;9748.0;8508;18256.0
148;65533;ï¿½;Replacement Character;Symbol;Other;Specials;Ignore;9182.0;4585;13767.0
149;250;Ãº;Latin Small Letter U With Acute;Letter;Lowercase;Latin-1 Supplement;Latin;8041.0;78223;86264.0
150;191;Â¿;Inverted Question Mark;Punctuation;Other;Latin-1 Supplement;Latin;7933.0;4537;12470.0
151;248;Ã¸;Latin Small Letter O With Stroke;Letter;Lowercase;Latin-1 Supplement;Latin;7548.0;38132;45680.0
152;255;Ã¿;Latin Small Letter Y With Diaeresis;Letter;Lowercase;Latin-1 Supplement;Latin;6855.0;18545;25400.0
153;8482;â„¢;Trade Mark Sign;Symbol;Other;Letterlike Symbols;Latin;6616.0;4497;11113.0
154;128308;ðŸ”´;Large Red Circle;Symbol;Other;Miscellaneous Symbols and Pictographs;Symbols;5599.0;6827;12426.0
155;166;Â¦;Broken Bar;Symbol;Other;Latin-1 Supplement;Latin;5581.0;5477;11058.0
156;9733;â˜…;Black Star;Symbol;Other;Miscellaneous Symbols;Symbols;4952.0;5132;10084.0
157;181;Âµ;Micro Sign;Letter;Lowercase;Latin-1 Supplement;Latin;4701.0;39134;43835.0
158;220;Ãœ;Latin Capital Letter U With Diaeresis;Letter;Uppercase;Latin-1 Supplement;Latin;4478.0;11447;15925.0
159;128512;ðŸ˜€;Grinning Face;Symbol;Other;Emoticons;Symbols;3992.0;3645;7637.0
160;279;Ä—;Latin Small Letter E With Dot Above;Letter;Lowercase;Latin Extended-A;Latin;3920.0;7409;11329.0
161;128514;ðŸ˜‚;Face With Tears Of Joy;Symbol;Other;Emoticons;Symbols;3682.0;3250;6932.0
162;9888;âš ;Warning Sign;Symbol;Other;Miscellaneous Symbols;Symbols;3448.0;2585;6033.0
163;128522;ðŸ˜Š;Smiling Face With Smiling Eyes;Symbol;Other;Emoticons;Symbols;3324.0;2534;5858.0
164;229;Ã¥;Latin Small Letter A With Ring Above;Letter;Lowercase;Latin-1 Supplement;Latin;2985.0;27304;30289.0
165;305;Ä±;Latin Small Letter Dotless I;Letter;Lowercase;Latin Extended-A;Latin;2566.0;28346;30912.0
166;193;Ã;Latin Capital Letter A With Acute;Letter;Uppercase;Latin-1 Supplement;Latin;2464.0;27994;30458.0
167;8804;â‰¤;Less-Than Or Equal To;Symbol;Math;Mathematical Operators;Math;2362.0;9666;12028.0
168;128170;ðŸ’ª;Flexed Biceps;Symbol;Other;Miscellaneous Symbols and Pictographs;Symbols;2237.0;2820;5057.0
169;9917;âš½;Soccer Ball;Symbol;Other;Miscellaneous Symbols;Symbols;2214.0;3459;5673.0
170;216;Ã˜;Latin Capital Letter O With Stroke;Letter;Uppercase;Latin-1 Supplement;Latin;2208.0;8390;10598.0
171;128513;ðŸ˜;Grinning Face With Smiling Eyes;Symbol;Other;Emoticons;Symbols;2194.0;1699;3893.0
172;128293;ðŸ”¥;Fire;Symbol;Other;Miscellaneous Symbols and Pictographs;Symbols;2157.0;2705;4862.0
173;196;Ã„;Latin Capital Letter A With Diaeresis;Letter;Uppercase;Latin-1 Supplement;Latin;2140.0;4882;7022.0
174;8595;â†“;Downwards Arrow;Symbol;Math;Arrows;Symbols;2140.0;6828;8968.0
175;128073;ðŸ‘‰;White Right Pointing Backhand Index;Symbol;Other;Miscellaneous Symbols and Pictographs;Symbols;2021.0;2245;4266.0
176;175;Â¯;Macron;Symbol;Modifier;Latin-1 Supplement;Latin;1978.0;4888;6866.0
177;353;Å¡;Latin Small Letter S With Caron;Letter;Lowercase;Latin Extended-A;Latin;1977.0;72820;74797.0
178;287;ÄŸ;Latin Small Letter G With Breve;Letter;Lowercase;Latin Extended-A;Latin;1927.0;14037;15964.0
179;352;Å ;Latin Capital Letter S With Caron;Letter;Uppercase;Latin Extended-A;Latin;1862.0;18960;20822.0
180;218;Ãš;Latin Capital Letter U With Acute;Letter;Uppercase;Latin-1 Supplement;Latin;1794.0;4080;5874.0
181;197;Ã…;Latin Capital Letter A With Ring Above;Letter;Uppercase;Latin-1 Supplement;Latin;1682.0;10397;12079.0
182;217;Ã™;Latin Capital Letter U With Grave;Letter;Uppercase;Latin-1 Supplement;Latin;1681.0;1819;3500.0
183;127942;ðŸ†;Trophy;Symbol;Other;Miscellaneous Symbols and Pictographs;Symbols;1666.0;2529;4195.0
184;128077;ðŸ‘;Thumbs Up Sign;Symbol;Other;Miscellaneous Symbols and Pictographs;Symbols;1604.0;1237;2841.0
185;242;Ã²;Latin Small Letter O With Grave;Letter;Lowercase;Latin-1 Supplement;Latin;1574.0;24791;26365.0
186;128079;ðŸ‘;Clapping Hands Sign;Symbol;Other;Miscellaneous Symbols and Pictographs;Symbols;1539.0;2100;3639.0
187;263;Ä‡;Latin Small Letter C With Acute;Letter;Lowercase;Latin Extended-A;Latin;1376.0;81490;82866.0
188;223;ÃŸ;Latin Small Letter Sharp S;Letter;Lowercase;Latin-1 Supplement;Latin;1351.0;31682;33033.0
189;236;Ã¬;Latin Small Letter I With Grave;Letter;Lowercase;Latin-1 Supplement;Latin;1323.0;14666;15989.0
190;161;Â¡;Inverted Exclamation Mark;Punctuation;Other;Latin-1 Supplement;Latin;1283.0;2641;3924.0
191;247;Ã·;Division Sign;Symbol;Math;Latin-1 Supplement;Latin;1257.0;2712;3969.0
192;8805;â‰¥;Greater-Than Or Equal To;Symbol;Math;Mathematical Operators;Math;1231.0;5360;6591.0
193;8240;â€°;Per Mille Sign;Punctuation;Other;General Punctuation;Latin;1166.0;17645;18811.0
194;128577;ðŸ™;Slightly Frowning Face;Symbol;Other;Emoticons;Symbols;1072.0;1175;2247.0
195;351;ÅŸ;Latin Small Letter S With Cedilla;Letter;Lowercase;Latin Extended-A;Latin;1052.0;16830;17882.0
196;128591;ðŸ™;Person With Folded Hands;Symbol;Other;Emoticons;Symbols;1051.0;1345;2396.0
197;177;Â±;Plus-Minus Sign;Symbol;Math;Latin-1 Supplement;Latin;1008.0;11766;12774.0
198;381;Å½;Latin Capital Letter Z With Caron;Letter;Uppercase;Latin Extended-A;Latin;1007.0;7980;8987.0
199;128517;ðŸ˜…;Smiling Face With Open Mouth And Cold Sweat;Symbol;Other;Emoticons;Symbols;978.0;834;1812.0
200;9835;â™«;Beamed Eighth Notes;Symbol;Other;Miscellaneous Symbols;Symbols;976.0;1703;2679.0
201;324;Å„;Latin Small Letter N With Acute;Letter;Lowercase;Latin Extended-A;Latin;967.0;24081;25048.0
202;128525;ðŸ˜;Smiling Face With Heart-Shaped Eyes;Symbol;Other;Emoticons;Symbols;957.0;1285;2242.0
203;128515;ðŸ˜ƒ;Smiling Face With Open Mouth;Symbol;Other;Emoticons;Symbols;916.0;755;1671.0
204;128545;ðŸ˜¡;Pouting Face;Symbol;Other;Emoticons;Symbols;899.0;875;1774.0
205;128161;ðŸ’¡;Electric Light Bulb;Symbol;Other;Miscellaneous Symbols and Pictographs;Symbols;882.0;365;1247.0
206;269;Ä;Latin Small Letter C With Caron;Letter;Lowercase;Latin Extended-A;Latin;817.0;47212;48029.0
207;129315;ðŸ¤£;Rolling On The Floor Laughing;Symbol;Other;Supplemental Symbols and Pictographs;Symbols;802.0;710;1512.0
208;128680;ðŸš¨;Police Cars Revolving Light;Symbol;Other;Transport and Map Symbols;Symbols;797.0;1110;1907.0
209;128165;ðŸ’¥;Collision Symbol;Symbol;Other;Miscellaneous Symbols and Pictographs;Symbols;785.0;1100;1885.0
210;245;Ãµ;Latin Small Letter O With Tilde;Letter;Lowercase;Latin-1 Supplement;Latin;784.0;6751;7535.0
211;9889;âš¡;High Voltage Sign;Symbol;Other;Miscellaneous Symbols;Symbols;759.0;1050;1809.0
212;128516;ðŸ˜„;Smiling Face With Open Mouth And Smiling Eyes;Symbol;Other;Emoticons;Symbols;756.0;540;1296.0
213;129300;ðŸ¤”;Thinking Face;Symbol;Other;Supplemental Symbols and Pictographs;Symbols;745.0;590;1335.0
214;128526;ðŸ˜Ž;Smiling Face With Sunglasses;Symbol;Other;Emoticons;Symbols;740.0;545;1285.0
215;128121;ðŸ‘¹;Japanese Ogre;Symbol;Other;Miscellaneous Symbols and Pictographs;Symbols;726.0;530;1256.0
216;128557;ðŸ˜­;Loudly Crying Face;Symbol;Other;Emoticons;Symbols;721.0;745;1466.0
217;128561;ðŸ˜±;Face Screaming In Fear;Symbol;Other;Emoticons;Symbols;719.0;790;1509.0
218;165;Â¥;Yen Sign;Symbol;Currency;Latin-1 Supplement;Latin;626.0;1161;1787.0
219;128540;ðŸ˜œ;Face With Stuck-Out Tongue And Winking Eye;Symbol;Other;Emoticons;Symbols;616.0;459;1075.0
220;376;Å¸;Latin Capital Letter Y With Diaeresis;Letter;Uppercase;Latin Extended-A;Latin;590.0;502;1092.0
221;128071;ðŸ‘‡;White Down Pointing Backhand Index;Symbol;Other;Miscellaneous Symbols and Pictographs;Symbols;570.0;685;1255.0
222;128074;ðŸ‘Š;Fisted Hand Sign;Symbol;Other;Miscellaneous Symbols and Pictographs;Symbols;569.0;890;1459.0
223;128078;ðŸ‘Ž;Thumbs Down Sign;Symbol;Other;Miscellaneous Symbols and Pictographs;Symbols;555.0;369;924.0
224;9794;â™‚;Male Sign;Symbol;Other;Miscellaneous Symbols;Symbols;537.0;1076;1613.0
225;9792;â™€;Female Sign;Symbol;Other;Miscellaneous Symbols;Symbols;515.0;938;1453.0
226;8224;â€ ;Dagger;Punctuation;Other;General Punctuation;Latin;510.0;227683;228193.0
227;128523;ðŸ˜‹;Face Savouring Delicious Food;Symbol;Other;Emoticons;Symbols;508.0;405;913.0
228;128076;ðŸ‘Œ;Ok Hand Sign;Symbol;Other;Miscellaneous Symbols and Pictographs;Symbols;476.0;615;1091.0
229;10064;â;Upper Right Drop-Shadowed White Square;Symbol;Other;Dingbats;Symbols;470.0;510;980.0
230;129321;ðŸ¤©;Grinning Face With Star Eyes;Symbol;Other;Supplemental Symbols and Pictographs;Symbols;456.0;550;1006.0
231;128588;ðŸ™Œ;Person Raising Both Hands In Celebration;Symbol;Other;Emoticons;Symbols;455.0;655;1110.0
232;128580;ðŸ™„;Face With Rolling Eyes;Symbol;Other;Emoticons;Symbols;437.0;250;687.0
233;8596;â†”;Left Right Arrow;Symbol;Math;Arrows;Symbols;423.0;5995;6418.0
234;10060;âŒ;Cross Mark;Symbol;Other;Dingbats;Symbols;419.0;470;889.0
235;128518;ðŸ˜†;Smiling Face With Open Mouth And Tightly-Closed Eyes;Symbol;Other;Emoticons;Symbols;417.0;330;747.0
236;955;Î»;Greek Small Letter Lamda;Letter;Lowercase;Greek and Coptic;Greek;411.0;29903;30314.0
237;9996;âœŒ;Victory Hand;Symbol;Other;Dingbats;Symbols;399.0;402;801.0
238;162;Â¢;Cent Sign;Symbol;Currency;Latin-1 Supplement;Latin;380.0;724;1104.0
239;128539;ðŸ˜›;Face With Stuck-Out Tongue;Symbol;Other;Emoticons;Symbols;374.0;405;779.0
240;129322;ðŸ¤ª;Grinning Face With One Large And One Small Eye;Symbol;Other;Supplemental Symbols and Pictographs;Symbols;365.0;245;610.0
241;128546;ðŸ˜¢;Crying Face;Symbol;Other;Emoticons;Symbols;361.0;404;765.0
242;127881;ðŸŽ‰;Party Popper;Symbol;Other;Miscellaneous Symbols and Pictographs;Symbols;356.0;440;796.0
243;9994;âœŠ;Raised Fist;Symbol;Other;Dingbats;Symbols;347.0;485;832.0
244;960;Ï€;Greek Small Letter Pi;Letter;Lowercase;Greek and Coptic;Greek;298.0;22082;22380.0
245;128519;ðŸ˜‡;Smiling Face With Halo;Symbol;Other;Emoticons;Symbols;291.0;205;496.0
246;129318;ðŸ¤¦;Face Palm;Symbol;Other;Supplemental Symbols and Pictographs;Symbols;277.0;190;467.0
247;8593;â†‘;Upwards Arrow;Symbol;Math;Arrows;Symbols;242.0;3048593;3048835.0
248;9997;âœ;Writing Hand;Symbol;Other;Dingbats;Symbols;157.0;1180;1337.0
249;8800;â‰ ;Not Equal To;Symbol;Math;Mathematical Operators;Math;120.0;1969;2089.0
250;8734;âˆž;Infinity;Symbol;Math;Mathematical Operators;Math;115.0;3719;3834.0
251;8730;âˆš;Square Root;Symbol;Math;Mathematical Operators;Math;114.0;1052;1166.0
252;8592;â†;Leftwards Arrow;Symbol;Math;Arrows;Symbols;108.0;10576;10684.0
253;9993;âœ‰;Envelope;Symbol;Other;Dingbats;Symbols;55.0;2301;2356.0
254;10013;âœ;Latin Cross;Symbol;Other;Dingbats;Symbols;22.0;1376;1398.0
